Date, Close/Last, Volume, Open, High, Low
06/27/2019,$265.58,1122854,$264.90,$266.48,$262.99
06/26/2019,$264.41,1334353,$266.45,$266.82,$264.34
06/25/2019,$266.36,1182443,$266.71,$267.08,$265.36
06/24/2019,$266.77,1586110,$267.31,$267.97,$266.52
06/21/2019,$266.13,2964243,$266.77,$268.94,$265.99
06/20/2019,$267.35,1745108,$265,$267.79,$264.55
06/19/2019,$263.66,1628489,$262.31,$264.10,$260.94
06/18/2019,$262.74,2763187,$263.61,$264.20,$262.05
06/17/2019,$261.43,1192307,$261.13,$262.25,$260.43
06/14/2019,$260.15,1288089,$260,$261.20,$258.91
06/13/2019,$259.71,1228541,$257.71,$259.87,$257.55
06/12/2019,$257.23,1071667,$257.58,$258.75,$255.77
06/11/2019,$257.11,1613472,$258.91,$259.62,$256.21
06/10/2019,$256.85,1839825,$256.40,$258.83,$256.11
06/07/2019,$256.01,2270617,$251.16,$256.60,$251.02
06/06/2019,$251.21,1487759,$248,$251.94,$247.74
06/05/2019,$247.96,1825514,$246.10,$248.76,$245.02
06/04/2019,$245.61,1761622,$243,$245.82,$242.50
06/03/2019,$241.07,2512452,$239.78,$241.54,$238.08
05/31/2019,$239.58,4058490,$238.98,$240.66,$233.05
05/30/2019,$241.54,2030255,$242.15,$243.58,$240.75
05/29/2019,$240.69,2594886,$244.13,$244.77,$238.91
05/28/2019,$246.31,3164140,$248.58,$250.20,$246.14
05/24/2019,$247.30,1340428,$249.11,$249.56,$246.77
05/23/2019,$248.53,1822807,$248.63,$249.92,$247.18
05/22/2019,$249.51,1242294,$251.01,$251.01,$249.14
05/21/2019,$249.93,1504191,$249.11,$250.83,$248.10
05/20/2019,$248.90,1600493,$247.15,$249.94,$247.15
05/17/2019,$248.35,1672148,$245.88,$250.05,$245.59
05/16/2019,$247.44,1801038,$245.63,$249.73,$245.21
05/15/2019,$244.67,1194788,$242.11,$245.40,$241.23
05/14/2019,$242.73,1635179,$242.29,$245.09,$241.81
05/13/2019,$241.92,1962786,$244.12,$244.93,$240.67
05/10/2019,$247.02,2036492,$242.94,$248.55,$240.03
05/09/2019,$243.47,1919368,$240.66,$244.06,$240.16
05/08/2019,$241.34,1611887,$239.56,$243.05,$238.19
05/07/2019,$240.18,1775187,$241.72,$242.74,$238.22
05/06/2019,$244.23,1195175,$242.85,$244.83,$242.06
05/03/2019,$244.62,905868,$243.27,$244.88,$242.72
05/02/2019,$242.69,1237645,$241.76,$242.89,$240.42
05/01/2019,$241.59,1350376,$245.34,$245.46,$241.55
04/30/2019,$245.53,1423880,$244.77,$245.79,$243.02
04/29/2019,$244.28,1334370,$245,$245.75,$243.49
04/26/2019,$243.82,1735863,$245.62,$245.89,$242.06
04/25/2019,$245.60,1227801,$246.21,$247.15,$243.94
04/24/2019,$247.96,1153487,$245.68,$248.70,$245.60
04/23/2019,$245.58,1511387,$244.65,$246.53,$242.21
04/22/2019,$243.42,1299979,$245.19,$245.77,$242.56
04/18/2019,$245.81,1364894,$246.79,$247.25,$244.70
04/17/2019,$245.56,1291248,$246.30,$246.46,$244.32
04/16/2019,$245.34,1358873,$246.65,$246.82,$244.25
04/15/2019,$246.33,1722368,$242.37,$246.75,$241.96
04/12/2019,$241.95,2084927,$241.51,$242.72,$240.90
04/11/2019,$241.24,2712197,$243.62,$244.18,$240.92
04/10/2019,$245.61,1499116,$245.28,$246.67,$244.71
04/09/2019,$244.91,1422555,$245.11,$245.68,$244.01
04/08/2019,$246.52,1243936,$245.99,$246.83,$245.20
04/05/2019,$245.87,1610369,$244.96,$247.09,$244.01
04/04/2019,$244.40,1319734,$242.17,$244.76,$241.25
04/03/2019,$242.48,1663630,$241.69,$243.55,$241.02
04/02/2019,$240.50,1568364,$244,$244.19,$240.31
04/01/2019,$244.19,1541311,$243.07,$244.41,$242.58
03/29/2019,$242.14,1940059,$241.66,$242.44,$240.77
03/28/2019,$241.22,1297941,$239.98,$241.95,$239.58
03/27/2019,$239.41,1319803,$238.71,$240.21,$238.16
03/26/2019,$239.07,1157616,$238,$240.25,$237.36
03/25/2019,$236.97,1336649,$236.93,$238.08,$235.79
03/22/2019,$237.56,1803489,$239.75,$240.34,$236.90
03/21/2019,$239.54,1615924,$236.68,$239.85,$236.55
03/20/2019,$236.98,1383666,$237.03,$238.49,$235.78
03/19/2019,$237.05,1804913,$237.52,$238.05,$236.29
03/18/2019,$236.59,1688237,$233.58,$236.68,$233.49
03/15/2019,$233.60,5072160,$234.17,$235.65,$233.18
03/14/2019,$233.84,2129626,$236.13,$236.38,$233.28
03/13/2019,$236.38,2357031,$234.25,$237.45,$232.95
03/12/2019,$232.96,2647029,$230.32,$233.40,$229.90
03/11/2019,$229.69,3703638,$227.53,$229.91,$227.06
03/08/2019,$227.82,6778966,$225.48,$228.70,$223.77
03/07/2019,$216.79,3202234,$218.13,$219.39,$216.22
03/06/2019,$219.23,1957506,$220.50,$221.91,$218.23
03/05/2019,$219.82,2133649,$218.91,$221.61,$218.90
03/04/2019,$218.41,2379579,$220.43,$221.08,$215.87
03/01/2019,$219.44,2178197,$219.76,$220.57,$215.77
02/28/2019,$218.74,2044248,$218.49,$219.69,$217.52
02/27/2019,$218.05,1454400,$216.51,$218.86,$216.45
02/26/2019,$217.61,1865173,$216.89,$218.91,$216.13
02/25/2019,$217.05,1783734,$217.37,$219.09,$216.55
02/22/2019,$216.29,1542488,$215.17,$216.59,$214.25
02/21/2019,$215.23,1614651,$216.60,$216.72,$214.33
02/20/2019,$217.11,1785531,$218.23,$219.07,$215.06
02/19/2019,$218.12,1937315,$216.67,$219.60,$216.51
02/15/2019,$216.47,2635397,$215.15,$217.25,$214.04
02/14/2019,$213.84,1411028,$212,$214.55,$211.14
02/13/2019,$212.80,1697384,$212.23,$213.51,$211.30
02/12/2019,$211.90,2091178,$210.06,$212.75,$209.26
02/11/2019,$208.72,2368924,$208.65,$208.92,$206.76
02/08/2019,$207.75,1960355,$207.83,$208.49,$205.75
02/07/2019,$209.05,2525700,$210.07,$210.10,$206.27
02/06/2019,$211.60,1614179,$212.26,$212.26,$210.48
02/05/2019,$211.61,2069061,$211.49,$212.52,$209.64
02/04/2019,$211.18,1625113,$210.70,$211.19,$207.90
02/01/2019,$210.27,3453723,$214,$215,$209.37
01/31/2019,$214.63,4335636,$211.14,$214.88,$209.72
01/30/2019,$211.35,1573611,$210.48,$212.17,$209.32
01/29/2019,$210.31,1554193,$210.32,$210.54,$208.57
01/28/2019,$210.77,1510285,$208.68,$210.79,$207.31
01/25/2019,$209.07,2252214,$212.03,$212.32,$208.74
01/24/2019,$210.31,1907322,$212.39,$212.39,$208.90
01/23/2019,$212.09,2006086,$213,$214.85,$210
01/22/2019,$212.40,2972592,$213,$215.56,$210.80
01/18/2019,$213.59,2114732,$212.56,$214.16,$211.77
01/17/2019,$211.46,1450224,$209.87,$211.65,$209.65
01/16/2019,$210.18,1437323,$211.46,$211.46,$209.50
01/15/2019,$211.03,1553619,$210.04,$211.34,$209.08
01/14/2019,$209,1502391,$209.47,$210.65,$208.16
01/11/2019,$210.51,1861136,$210.04,$211.25,$209.31
01/10/2019,$210.64,2304542,$208.15,$210.90,$206
01/09/2019,$209.90,1856960,$209.15,$211.22,$207.92
01/08/2019,$208.55,2332085,$208.65,$209.08,$204.18
01/07/2019,$207,2225902,$205.52,$209.12,$203.54
01/04/2019,$206.24,2746917,$203.08,$207.93,$201.45
01/03/2019,$200.42,2764143,$203.70,$205.94,$200.04
01/02/2019,$204.76,2137877,$200.50,$205.10,$199.85
12/31/2018,$203.71,1729350,$203.38,$204.39,$201.38
12/28/2018,$202.04,2037734,$201.82,$204.95,$199.59
12/27/2018,$201.08,2649989,$196.96,$201.13,$193.96
12/26/2018,$198.63,3264954,$190.82,$198.78,$189.51
12/24/2018,$189.99,2031705,$193.90,$195.33,$189.80
12/21/2018,$194.52,5020471,$197.16,$200.70,$194.32
12/20/2018,$197.13,4183319,$200.33,$200.70,$193.68
12/19/2018,$201.41,3286206,$203.50,$207,$199.86
12/18/2018,$202.99,3154987,$203.09,$204.67,$201.57
12/17/2018,$202.23,4734486,$206.68,$208.00,$200.66
12/14/2018,$207.06,8812463,$218,$219,$205.51
12/13/2018,$226.51,2114926,$228.84,$229.62,$225.48
12/12/2018,$227.80,2889643,$228.35,$230.45,$227.07
12/11/2018,$226.50,2302906,$225.12,$227.25,$224
12/10/2018,$222.66,2569110,$224.54,$225.20,$219.11
12/07/2018,$224.86,2860656,$233.15,$233.81,$223.03
12/06/2018,$233.20,3937030,$227.94,$233.86,$226.60
12/04/2018,$226.35,3387916,$232.11,$233.30,$225.56
12/03/2018,$232.08,2479819,$230.72,$232.20,$228.21
11/30/2018,$231.28,2763971,$231.69,$233.39,$229.70
11/29/2018,$231,1470597,$229,$231.59,$228.36
11/28/2018,$230.34,2742747,$222.78,$230.46,$222.19
11/27/2018,$223.01,2369704,$219.37,$223.12,$218.38
11/26/2018,$219.45,2071029,$222.85,$223.48,$218.90
11/23/2018,$220.06,1007476,$218.10,$221.18,$217.66
11/21/2018,$218.57,2036507,$220.56,$222.03,$217.45
11/20/2018,$219.31,3702556,$224.92,$225,$218.05
11/19/2018,$228.74,1904463,$231.61,$233.50,$227.81
11/16/2018,$231.02,2808158,$229.30,$231.12,$226.52
11/15/2018,$229.94,2693612,$232.32,$232.65,$227
11/14/2018,$233.31,1850632,$237.12,$237.12,$231.71
11/13/2018,$234.14,1524017,$234.75,$236.42,$232.77
11/12/2018,$234.48,2162918,$237.64,$239.20,$234.13
11/09/2018,$237.74,2244572,$237.97,$240.26,$237.07
11/08/2018,$238.70,2140595,$238.51,$239.80,$237.03
11/07/2018,$240.37,2596049,$238.75,$240.88,$236.94
11/06/2018,$236.71,2084957,$235,$237.49,$234.18
11/05/2018,$234.45,2512177,$230.71,$234.89,$229.80
11/02/2018,$230.16,2135422,$229.81,$232.23,$227.18
11/01/2018,$229.60,2091714,$228.18,$230.80,$227.54
10/31/2018,$228.63,2672242,$228.65,$230.56,$225.56
10/30/2018,$227.92,2410366,$223.10,$228.21,$223.01
10/29/2018,$222.42,3352371,$219.75,$224.89,$218.75
10/26/2018,$218.19,3993497,$222.31,$225,$217
10/25/2018,$226.40,2215768,$224.06,$227.59,$222.84
10/24/2018,$223.76,3044957,$225.93,$231.09,$223.09
10/23/2018,$228.75,2631814,$227.07,$229.26,$223.82
10/22/2018,$229.06,1997641,$229.88,$230.25,$227.27
10/19/2018,$229.67,2049740,$228.90,$230.63,$228.72
10/18/2018,$228.58,2464700,$228.54,$230.65,$226.25
10/17/2018,$228.49,1891584,$228.45,$228.88,$225.51
10/16/2018,$227.68,2213506,$224.87,$228.26,$224.32
10/15/2018,$224.51,2387375,$226.25,$226.94,$224.25
10/12/2018,$226.95,2939171,$225.20,$227.62,$223.39
10/11/2018,$221.82,3631031,$222.91,$225.32,$220.93
10/10/2018,$221.05,2689121,$224.10,$225,$221.04
10/09/2018,$224.17,2500480,$224.15,$225.15,$222.56
10/08/2018,$223.93,3729161,$219.34,$224.50,$219.26
10/05/2018,$218.82,7239625,$225,$227.06,$217.79
10/04/2018,$231.68,2787167,$233.26,$234,$230.66
10/03/2018,$233.20,2198838,$236.62,$237.31,$232.73
10/02/2018,$236.35,1625907,$234.10,$237.57,$233.87
10/01/2018,$234.65,1641127,$235.81,$236.53,$234.43
09/28/2018,$234.88,1569063,$233.86,$235.47,$233.79
09/27/2018,$234,1417321,$233.70,$235.67,$232.34
09/26/2018,$233.81,1984578,$233.57,$235.66,$233.45
09/25/2018,$232.93,1889679,$234.03,$234.66,$232.73
09/24/2018,$233.34,1530172,$234.19,$234.85,$232.90
09/21/2018,$234.76,3505751,$234.37,$235.84,$234.01
09/20/2018,$233.92,1793544,$234.60,$235.00,$232.32
09/19/2018,$233.85,1579674,$234.62,$234.74,$232.42
09/18/2018,$234.35,1988564,$231.98,$235.47,$231.70
09/17/2018,$232,2878519,$234.06,$234.59,$231.51
09/14/2018,$235.38,3853871,$239,$239,$234.47
09/13/2018,$241.27,1998809,$242.50,$243.99,$241.05
09/12/2018,$242.44,1910086,$245,$245.12,$242.23
09/11/2018,$244.21,2176852,$243.93,$245.16,$243.17
09/10/2018,$243.18,2707734,$243,$243.80,$242.12
09/07/2018,$241.46,2718633,$237.31,$242.95,$237.20
09/06/2018,$236.68,1853091,$235.47,$236.77,$235.06
09/05/2018,$235.61,2125163,$234.57,$236.17,$233.20
09/04/2018,$234.68,1833788,$233.14,$234.91,$233.14
08/31/2018,$233.13,1881301,$230.21,$233.52,$230.21
08/30/2018,$230.83,1271186,$229.62,$231.16,$229.44
08/29/2018,$230.19,1793520,$231.79,$232,$228.73
08/28/2018,$230.26,1882084,$230.94,$231.83,$229.84
08/27/2018,$230.03,1902819,$232.74,$232.86,$228.10
08/24/2018,$231.28,1453204,$230,$232.06,$229.60
08/23/2018,$229.51,1337872,$229,$230.35,$228.57
08/22/2018,$229.21,1267827,$228.48,$230.23,$228.38
08/21/2018,$228.54,2048620,$229.49,$230.10,$227.70
08/20/2018,$227.35,1779392,$226,$228.22,$225.97
08/17/2018,$225.68,1978559,$222.33,$225.88,$222.15
08/16/2018,$223.19,1657547,$223.45,$224.26,$222.14
08/15/2018,$221.67,1844052,$220.72,$222.11,$218.77
08/14/2018,$222,1450535,$220.01,$222.56,$219.86
08/13/2018,$219.56,1518799,$221.03,$221.58,$219.06
08/10/2018,$220.31,2830432,$218.14,$221.72,$217.75
08/09/2018,$218.24,3631576,$221.62,$222.35,$216.91
08/08/2018,$224.58,2004558,$222.86,$224.88,$222.24
08/07/2018,$223.86,1424270,$223.24,$225.48,$222.98
08/06/2018,$222.72,1281837,$221.43,$223.27,$221.01
08/03/2018,$222.03,1195543,$221,$222.62,$221
08/02/2018,$221.12,1902918,$215.01,$221.40,$215.01
08/01/2018,$217.13,1841215,$218.65,$219.10,$216.25
07/31/2018,$218.71,1887264,$219.69,$220.07,$218.33
07/30/2018,$219.11,1267454,$219.04,$220.12,$218.61
07/27/2018,$219.65,1596391,$222.31,$222.50,$218.76
07/26/2018,$221.72,1772787,$222,$224.62,$220.82
07/25/2018,$220.70,1560160,$217.61,$220.82,$217.37
07/24/2018,$218.58,1453901,$219.41,$220.68,$217.59
07/23/2018,$218.84,1393391,$219.88,$220.46,$218.20
07/20/2018,$218.69,1793861,$216.98,$218.94,$216.24
07/19/2018,$217.54,2767388,$214.46,$218.20,$214.03
07/18/2018,$214.97,1868227,$215.34,$215.88,$213.60
07/17/2018,$215,2064177,$214.06,$216.16,$214
07/16/2018,$214.85,2077019,$216.64,$217.13,$213.90
07/13/2018,$216.54,1951128,$214,$216.64,$213.71
07/12/2018,$214.02,2221943,$212.54,$214.17,$212.22
07/11/2018,$210.95,1467737,$211.21,$211.78,$209.97
07/10/2018,$211.70,1685327,$210.99,$212.70,$210.83
07/09/2018,$210.94,1713901,$210.52,$211.79,$210
07/06/2018,$209.62,1514869,$207.14,$210.39,$206.66
07/05/2018,$209.14,1425626,$208.20,$209.29,$207.55
07/03/2018,$207.12,842101,$208.53,$209.91,$206.90
07/02/2018,$207.99,1872395,$208.42,$208.82,$206.05
06/29/2018,$208.98,2160735,$209.66,$210.53,$208.32
06/28/2018,$208.71,1826698,$210,$211.19,$208.05
06/27/2018,$210.03,2210162,$210.50,$212.42,$209.61
06/26/2018,$210.09,2276214,$212.38,$212.46,$209.97
06/25/2018,$211.75,2398106,$210.01,$212.08,$209.97
06/22/2018,$211.10,1729160,$210.37,$211.77,$210.02
06/21/2018,$209.96,1815190,$208.17,$211.11,$208
06/20/2018,$207.98,1519845,$207.76,$208.59,$206.96
06/19/2018,$207.53,1933081,$204.90,$207.81,$204.62
06/18/2018,$206.21,1912803,$206,$208.11,$205.15
06/15/2018,$207.32,3828451,$205.40,$207.67,$204.57
06/14/2018,$205.12,1684320,$204.87,$205.73,$204.29
06/13/2018,$204.11,1664993,$204.92,$205.83,$203.21
06/12/2018,$204.88,1381453,$204.25,$205.08,$203.23
06/11/2018,$204.50,1673993,$203.76,$204.89,$203.42
06/08/2018,$203.76,2050986,$201.51,$204.01,$201
06/07/2018,$202.57,2733192,$200.50,$202.88,$199.41
06/06/2018,$197.66,2066776,$198.01,$198.40,$196.70
06/05/2018,$197.84,1866646,$199.22,$199.35,$196.99
06/04/2018,$198.62,1870565,$197.32,$199.04,$197.25
06/01/2018,$197.13,4055604,$195.45,$198.99,$195
05/31/2018,$198.24,4783870,$200.22,$200.70,$197.70
05/30/2018,$199.64,2371670,$198.16,$200.53,$197.75
05/29/2018,$196.74,2296164,$198.10,$198.84,$196
05/25/2018,$198.36,1310872,$198.89,$200.22,$197.82
05/24/2018,$198.89,1147100,$198.29,$199.09,$196.82
05/23/2018,$198.14,1595624,$199.09,$199.09,$196.77
05/22/2018,$198.97,1563655,$199.72,$201.77,$198.83
05/21/2018,$199.62,1198917,$199.60,$201.34,$199.09
05/18/2018,$198.96,1624611,$199.50,$199.52,$197.78
05/17/2018,$199.60,2386916,$199.06,$201.35,$197.89
05/16/2018,$198.71,2073093,$196.07,$199.35,$195
05/15/2018,$195.48,2319556,$194.76,$196.70,$193.26
05/14/2018,$195.88,1440713,$195.96,$197.27,$195.42
05/11/2018,$195.76,1296057,$195.33,$195.98,$194.57
05/10/2018,$195.45,1870546,$196.05,$196.93,$194.20
05/09/2018,$196.04,1954365,$194.15,$196.42,$193.15
05/08/2018,$194.48,1900889,$192.99,$195.20,$192.42
05/07/2018,$193.06,2364518,$195.78,$195.80,$192.21
05/04/2018,$195.19,1703286,$192.84,$196.40,$191.28
05/03/2018,$193.01,1805227,$193.92,$193.99,$190.18
05/02/2018,$194,2497401,$195.48,$195.58,$192.45
05/01/2018,$196.55,1413151,$196.49,$197.08,$193.51
04/30/2018,$197.16,2149014,$197.10,$199.04,$196.39
04/27/2018,$196.58,1563259,$194.95,$196.92,$194.53
04/26/2018,$195.26,1439446,$194.12,$196.44,$193.34
04/25/2018,$193.97,1310678,$192.23,$194.67,$191.39
04/24/2018,$192.51,1598250,$194.54,$195.36,$191.15
04/23/2018,$193.35,1542889,$193.81,$194.38,$192.26
04/20/2018,$193.56,2086122,$194.43,$195.67,$192.75
04/19/2018,$195.07,2412184,$196.16,$196.40,$193.50
04/18/2018,$196.51,1444996,$196.30,$197.77,$196.12
04/17/2018,$196,2158029,$195.66,$196.88,$194.73
04/16/2018,$194.58,3025341,$191.84,$195.80,$191.38
04/13/2018,$188.91,1742194,$189.81,$189.83,$187.01
04/12/2018,$188.82,2840608,$185.50,$190.04,$185.49
04/11/2018,$184.65,1696363,$182.25,$186.37,$182.22
04/10/2018,$183.55,2526273,$185.75,$185.97,$182.17
04/09/2018,$184.41,1935451,$185.20,$187.40,$183.50
04/06/2018,$183.96,2245245,$185.34,$187.25,$183.10
04/05/2018,$186.25,1919095,$186.70,$187,$184.93
04/04/2018,$185.52,2111021,$181.13,$186.35,$180.94
04/03/2018,$182.61,2286595,$183.53,$184.17,$181.35
04/02/2018,$182.75,3520646,$186.91,$186.91,$181.05
03/29/2018,$188.43,2899414,$184.74,$188.64,$184.41
03/28/2018,$183.61,2150761,$183.61,$184.62,$181.23
03/27/2018,$183.15,2238215,$187.44,$187.66,$182.06
03/26/2018,$187.22,2027913,$183.03,$187.56,$182.34
03/23/2018,$180.84,2253689,$183.28,$184.45,$180.83
03/22/2018,$182.64,2481731,$184.90,$185.55,$182.50
03/21/2018,$186.07,2040261,$186.83,$187.89,$186.06
03/20/2018,$187.35,1852410,$185.10,$187.58,$184.60
03/19/2018,$184.15,2190062,$185.63,$185.98,$182.81
03/16/2018,$185.87,3569223,$186.18,$186.25,$184.47
03/15/2018,$185.51,1677341,$184.82,$186.57,$184.16
03/14/2018,$184.63,2865568,$188.78,$189.01,$183.50
03/13/2018,$187.46,1771089,$190.05,$190.12,$186.80
03/12/2018,$189.37,2382573,$188.27,$190.10,$187.55
03/09/2018,$188.58,3286944,$186.50,$188.64,$184.22
03/08/2018,$185.69,6112874,$186.19,$186.35,$183.08
03/07/2018,$187.36,4897255,$189.21,$189.75,$184.78
03/06/2018,$191.46,2228729,$192.14,$192.25,$190.07
03/05/2018,$191.48,2115554,$188.45,$191.98,$187.50
03/02/2018,$189.33,2217780,$187.48,$190.39,$187.22
03/01/2018,$189.03,2432216,$191.31,$192.99,$187.32
02/28/2018,$190.90,2164869,$191.60,$193.76,$190.89
02/27/2018,$190.10,2169889,$193.45,$195.52,$190.10
02/26/2018,$192.81,1850224,$190.10,$193.10,$189.93
02/23/2018,$189.81,1561486,$187.83,$189.85,$185.91
02/22/2018,$186.59,1320585,$186.35,$188.33,$185.66
02/21/2018,$185.75,1746369,$188.53,$189.14,$185.69
02/20/2018,$188.12,2200476,$189.87,$191.48,$187.63
02/16/2018,$191.56,1970011,$191.45,$194.62,$191.04
02/15/2018,$191.48,2058315,$188.09,$191.71,$186.57
02/14/2018,$187.35,2181000,$182.71,$188.48,$182.31
02/13/2018,$184.15,2119841,$180.22,$184.60,$180.05
02/12/2018,$181.06,1595344,$181.84,$183.26,$180.38
02/09/2018,$180.72,2775586,$179.78,$182.07,$175.79
02/08/2018,$178.61,3004025,$184.51,$184.51,$178.53
02/07/2018,$183.19,2591711,$184.60,$186.19,$183.07
02/06/2018,$185.01,4057351,$178.91,$185.24,$176.20
02/05/2018,$182.77,3397834,$190.66,$192.10,$182.53
02/02/2018,$190.99,2374978,$191.25,$193.60,$190.80
02/01/2018,$193.47,1964284,$193.41,$195.40,$192.44
01/31/2018,$194.87,2676926,$197.44,$198.47,$194.10
01/30/2018,$197.91,2276537,$197.59,$198.79,$196.08
01/29/2018,$198.32,2026865,$198.37,$199.88,$197.56
01/26/2018,$198.91,2736521,$197.75,$199.23,$195.69
01/25/2018,$197.95,3387412,$195,$198.45,$194.74
01/24/2018,$194.24,2679529,$194.43,$194.75,$191.93
01/23/2018,$193.42,2277080,$193.61,$194.10,$192.07
01/22/2018,$194.38,2985643,$192.50,$194.76,$192.06
01/19/2018,$192.29,2303945,$191.71,$192.64,$191.16
01/18/2018,$191.51,1870376,$192.23,$193.03,$191.22
01/17/2018,$192.29,2550481,$192.53,$192.56,$191.34
01/16/2018,$191.53,1920843,$192.35,$192.84,$190.89
01/12/2018,$191.84,3497026,$190.10,$192.18,$190
01/11/2018,$189.38,4677352,$185.43,$190.67,$185.03
01/10/2018,$185.42,2609344,$185.75,$186.24,$183.88
01/09/2018,$186.29,2238188,$189.01,$189.30,$186.15
01/08/2018,$188.48,1962175,$187.32,$188.98,$187.25
01/05/2018,$187.75,2818292,$189.43,$189.68,$186.72
01/04/2018,$189.10,3525306,$192,$192.30,$187.56
01/03/2018,$190.58,3279822,$188.82,$192.10,$188.38
01/02/2018,$188.32,2509170,$187.23,$190.68,$186.74
12/29/2017,$186.12,2028257,$186.46,$187.60,$185.93
12/28/2017,$186.62,1017072,$186.57,$187.02,$186.19
12/27/2017,$186.30,1175219,$186.85,$187.06,$185.80
12/26/2017,$186.55,1120146,$186.19,$187.34,$186.12
12/22/2017,$186.63,1077999,$187.27,$187.48,$185.97
12/21/2017,$186.80,1906754,$188,$188.40,$186.58
12/20/2017,$187.51,3894174,$189.04,$189.26,$185.40
12/19/2017,$188.33,3955994,$192.91,$193,$187
12/18/2017,$192.31,3492332,$192.63,$194.35,$191.90
12/15/2017,$192.73,8450896,$193.41,$195.35,$192
12/14/2017,$186.53,3693875,$188.58,$189.74,$186.17
12/13/2017,$188.28,3061770,$188.53,$190.12,$187.80
12/12/2017,$188.30,3365131,$186.96,$189.12,$186.80
12/11/2017,$188.86,1961812,$188.21,$188.90,$187.04
12/08/2017,$188.07,1768262,$186.79,$188.53,$185.95
12/07/2017,$186.20,2237849,$186.51,$187.80,$185.56
12/06/2017,$187.22,3007251,$187.62,$187.98,$185.51
12/05/2017,$187.82,3176451,$189.67,$191.22,$186.85
12/04/2017,$189.56,5772546,$187.22,$189.88,$186.56
12/01/2017,$185.13,4034147,$183.26,$185.18,$181.13
11/30/2017,$184.43,7714901,$180.43,$184.90,$180.22
11/29/2017,$177.53,4682521,$174,$177.74,$173.55
11/28/2017,$173.65,2726652,$173.32,$174.18,$172.55
11/27/2017,$172.61,2346747,$172.25,$173.06,$171.12
11/24/2017,$171.62,789620,$172.38,$173.16,$171.50
11/22/2017,$172.48,1948873,$173.84,$174,$171.10
11/21/2017,$173.42,2359932,$172.96,$174.19,$172.55
11/20/2017,$172.28,1954405,$171.11,$172.53,$170.85
11/17/2017,$170.98,2100495,$171,$172.20,$170.65
11/16/2017,$170.98,2342668,$170.23,$171.34,$169.16
11/15/2017,$169,2438891,$169.30,$170.73,$167.06
11/14/2017,$171.44,1774350,$170.82,$171.83,$169.77
11/13/2017,$171.46,4092517,$171,$173.09,$170.65
11/10/2017,$171.36,2673008,$168.44,$171.38,$168.08
11/09/2017,$169.11,2093772,$167.48,$169.31,$167.05
11/08/2017,$169.05,3494532,$166.63,$169.19,$166.02
11/07/2017,$166.28,1943729,$165.20,$166.50,$164.60
11/06/2017,$165.05,1917264,$165.80,$166.59,$164.98
11/03/2017,$166.44,3112622,$164.16,$167.07,$163.78
11/02/2017,$164.95,3255397,$163.73,$165.55,$162.61
11/01/2017,$162.69,2127972,$161.97,$163.29,$161.29
10/31/2017,$161.08,2507958,$159.84,$161.27,$159.72
10/30/2017,$160.23,2550870,$161.99,$162,$159.47
10/27/2017,$162.38,3399928,$160.80,$162.68,$160.70
10/26/2017,$162.46,3036425,$162.46,$163.55,$160.79
10/25/2017,$162.18,3604024,$161,$163,$160.58
10/24/2017,$162.29,3029871,$161.16,$162.89,$161
10/23/2017,$162.04,2808317,$160.85,$162.39,$160.58
10/20/2017,$160.77,3992617,$158.97,$161.01,$158.51
10/19/2017,$158.46,2885757,$157.14,$158.76,$157.00
10/18/2017,$157.55,3010631,$158.84,$158.84,$157.31
10/17/2017,$158.38,2426072,$159,$159.27,$157.57
10/16/2017,$158.81,2454002,$159.38,$159.80,$158.32
10/13/2017,$159.85,3633743,$157.42,$160.08,$157.09
10/12/2017,$157.22,3618060,$157.87,$157.99,$156.36
10/11/2017,$157.87,3858662,$157.30,$158.96,$157.06
10/10/2017,$156.87,5418527,$155.67,$157.36,$155.08
10/09/2017,$154.61,7025557,$157.01,$157.75,$154.11
10/06/2017,$157.09,17977730,$159,$159.46,$156.54
10/05/2017,$167.07,4431946,$165.86,$167.12,$165.25
10/04/2017,$165.21,1913909,$165.23,$165.93,$164.69
10/03/2017,$165.08,2838122,$166.32,$167.29,$165.03
10/02/2017,$165.89,2267110,$164.92,$166.42,$164.29
09/29/2017,$164.29,1847009,$163.90,$165.07,$163.76
09/28/2017,$163.90,1730790,$164.47,$164.95,$163.54
09/27/2017,$164.42,1900621,$164.49,$165.32,$163.38
09/26/2017,$164.07,2369399,$162.71,$164.73,$162.59
09/25/2017,$162.33,1799665,$160.83,$162.70,$160.52
09/22/2017,$161.29,1535830,$160.90,$162,$160.37
09/21/2017,$161.48,1737578,$162.93,$162.93,$160.40
09/20/2017,$162.85,2427591,$161.51,$163.04,$161.26
09/19/2017,$161.56,1775538,$160.96,$161.66,$159.95
09/18/2017,$160.91,2030950,$162.18,$163.46,$160.76
09/15/2017,$162.30,3748852,$162.24,$162.67,$161.70
09/14/2017,$162.37,2491407,$162.68,$162.68,$161.64
09/13/2017,$162.99,4199537,$160.14,$163.95,$160.01
09/12/2017,$160.04,2986526,$157.67,$160.65,$157.45
09/11/2017,$157.36,2442449,$157.89,$158,$157.06
09/08/2017,$157.31,3364245,$158.37,$158.50,$155.03
09/07/2017,$159.28,2479077,$158.97,$159.60,$157.57
09/06/2017,$158.86,2872341,$159.19,$159.94,$158.09
09/05/2017,$159.14,3414268,$157.96,$159.72,$157.47
09/01/2017,$158.24,2833578,$157.59,$158.55,$157.20
08/31/2017,$156.74,4566797,$156.22,$157.26,$153.95
08/30/2017,$154.44,2488151,$153.71,$154.74,$152.88
08/29/2017,$153.56,2445372,$152.38,$153.99,$151.46
08/28/2017,$152.55,3774453,$151.90,$153.28,$151.20
08/25/2017,$152.45,5702625,$152.37,$152.94,$150.06
08/24/2017,$151.33,10291040,$160,$160.66,$151.09
08/23/2017,$159.37,1730904,$158.62,$159.44,$157.78
08/22/2017,$158.70,2204269,$157.53,$159.45,$157.53
08/21/2017,$157.07,1857308,$157.19,$158.17,$155.96
08/18/2017,$157.08,2747335,$157.98,$158.69,$156.92
08/17/2017,$158.57,2615331,$158.48,$159.95,$157.64
08/16/2017,$159.76,3380251,$157.28,$159.88,$157.11
08/15/2017,$156.88,1868757,$158,$158.38,$156.79
08/14/2017,$157.91,2028542,$157.59,$158.20,$156.54
08/11/2017,$156.65,1886578,$156.51,$157.80,$156.41
08/10/2017,$156.64,2764041,$156.17,$157.57,$155.37
08/09/2017,$156.86,2157147,$157.14,$157.57,$156.20
08/08/2017,$157.75,2568360,$157.10,$159.44,$157.03
08/07/2017,$156.95,2626635,$156.50,$157.58,$155.34
08/04/2017,$156.44,3116984,$158.34,$158.44,$155.83
08/03/2017,$157.91,5559820,$161.61,$162.35,$157.06
08/02/2017,$161.28,5485703,$159.13,$161.55,$158.44
08/01/2017,$159.72,4783982,$159.10,$159.97,$157.91
07/31/2017,$158.51,6925903,$153.08,$158.66,$153.03
07/28/2017,$152.89,2779452,$152.67,$153.30,$152.11
07/27/2017,$152.52,3635742,$152.01,$152.99,$151.44
07/26/2017,$152.09,3014494,$153.41,$153.50,$151.55
07/25/2017,$153.17,4582926,$151.41,$153.70,$151.40
07/24/2017,$151,3654441,$150.45,$151.47,$150.11
07/21/2017,$150.44,4077129,$150.94,$151.23,$150
07/20/2017,$150.99,3175884,$151.47,$152.19,$150.88
07/19/2017,$151.24,4099273,$151.81,$152.16,$150.90
07/18/2017,$151.50,3256797,$152.61,$152.84,$150.94
07/17/2017,$152.84,3096689,$153,$153.44,$152.52
07/14/2017,$153,4367962,$154.26,$154.27,$152.90
07/13/2017,$153.60,5670304,$153.23,$153.93,$152.62
07/12/2017,$151.75,5110092,$151.46,$152.90,$151.42
07/11/2017,$151.11,6266859,$151.45,$153.09,$150.93
07/10/2017,$151,8990432,$153.51,$153.60,$150.96
07/07/2017,$154.11,7613169,$157.36,$157.55,$154.09
07/06/2017,$157.09,6958944,$161.11,$161.35,$157.05
07/05/2017,$158.02,3770063,$158.93,$159.50,$157.86
07/03/2017,$158.82,1995074,$160.21,$160.53,$158.69
06/30/2017,$159.93,4754932,$159.60,$160.54,$158.79
06/29/2017,$158.68,3662530,$160.21,$160.47,$157.80
06/28/2017,$160.17,3233060,$159.59,$160.50,$159.50
06/27/2017,$159.26,5528675,$160.66,$161.55,$159.20
06/26/2017,$160.20,6468663,$158.15,$160.99,$158.10
06/23/2017,$157.13,9490547,$159.40,$159.80,$156.56
06/22/2017,$159.79,8028223,$163.17,$163.30,$159.01
06/21/2017,$163.15,3419615,$163.49,$163.77,$162.75
06/20/2017,$162.90,7329903,$165.50,$165.50,$162.43
06/19/2017,$164.34,13788430,$167.05,$167.38,$162.39
06/16/2017,$167.11,24207070,$170.40,$170.60,$165
06/15/2017,$180.06,1753902,$180.39,$181.33,$178.37
06/14/2017,$181.67,1440052,$180.83,$181.96,$180.23
06/13/2017,$180.51,1745104,$179.90,$180.79,$179.03
06/12/2017,$179.64,2394266,$179.58,$180.87,$178.79
06/09/2017,$180.38,2166875,$181.71,$181.93,$179.92
06/08/2017,$181.41,1815847,$181.92,$182.50,$180.84
06/07/2017,$182.20,1246153,$181.44,$182.24,$181.14
06/06/2017,$181.45,2248870,$181.70,$182.72,$181.01
06/05/2017,$182.08,1561043,$181.10,$182.21,$180.60
06/02/2017,$180.97,2238973,$180.58,$181.25,$179.87
06/01/2017,$180.63,2027539,$180.81,$181.10,$179.86
05/31/2017,$180.43,2456476,$179.24,$180.47,$178.78
05/30/2017,$178.92,2084052,$177.68,$179.39,$177.50
05/26/2017,$177.86,4466717,$180.25,$180.34,$177.52
05/25/2017,$174.73,2679715,$173.47,$175.05,$173.30
05/24/2017,$173.01,1425130,$172.95,$173.13,$171.80
05/23/2017,$172.47,1788056,$172.97,$173.54,$172.32
05/22/2017,$172.40,1593915,$172.24,$173.24,$171.63
05/19/2017,$171.64,1871603,$171.35,$172.43,$170.81
05/18/2017,$170.72,1589586,$170.08,$171.02,$169.69
05/17/2017,$169.15,2201500,$170.66,$171.50,$169.06
05/16/2017,$171,1127566,$171.96,$171.96,$170.63
05/15/2017,$171.57,1727999,$170.30,$171.98,$170.30
05/12/2017,$170.88,1586689,$171.29,$171.85,$170.32
05/11/2017,$171.26,2106092,$170.78,$171.55,$170.10
05/10/2017,$171.35,2551178,$172.03,$172.09,$170.66
05/09/2017,$172.68,2658796,$173.61,$173.92,$172.31
05/08/2017,$172.64,3530868,$174.66,$174.70,$171.60
05/05/2017,$180.20,3711163,$182.77,$182.92,$179.76
05/04/2017,$182.45,3756906,$180.05,$183.18,$180
05/03/2017,$179.82,2900252,$178.74,$180.46,$178.70
05/02/2017,$178.59,2491876,$178.72,$178.94,$177.94
05/01/2017,$177.86,3326636,$178.50,$178.50,$177.33
04/28/2017,$177.52,2363223,$178.07,$178.07,$176.93
04/27/2017,$177.45,2148297,$177.32,$177.79,$176.42
04/26/2017,$176.80,4588759,$178.05,$178.27,$175.42
04/25/2017,$172.68,1484236,$172.91,$173.04,$172.29
04/24/2017,$172.33,1906898,$172,$172.61,$171.33
04/21/2017,$170.77,2257801,$171.52,$171.88,$170.64
04/20/2017,$170.15,1933421,$170.33,$171.18,$169.95
04/19/2017,$170.06,1441282,$170.88,$170.93,$169.82
04/18/2017,$170.13,1542663,$170.05,$170.32,$169.47
04/17/2017,$169.70,1504173,$168.77,$169.75,$168.71
04/13/2017,$168.84,1422390,$170.05,$170.62,$168.80
04/12/2017,$170.17,1422142,$171.43,$171.45,$169.69
04/11/2017,$170.63,1191306,$170.79,$171.44,$169.63
04/10/2017,$171.22,2002176,$170.20,$171.57,$169.85
04/07/2017,$170.62,1510007,$169.70,$171,$169.43
04/06/2017,$170.02,3313800,$169.68,$172.11,$169.31
04/05/2017,$167,1715557,$167.29,$168.40,$166.72
04/04/2017,$167.25,1322378,$166.60,$167.32,$166.11
04/03/2017,$166.70,1547867,$167.74,$168.30,$166.40
03/31/2017,$167.69,1720609,$167.59,$168.17,$167.13
03/30/2017,$167.89,1034262,$167.30,$168.18,$166.76
03/29/2017,$167.43,1216685,$166.28,$167.48,$166.15
03/28/2017,$166.77,1446645,$166.11,$167.05,$165.15
03/27/2017,$166.15,1212519,$165.53,$166.32,$165.32
03/24/2017,$166.02,1410390,$167.37,$167.46,$165.66
03/23/2017,$166.90,1430503,$168,$168.42,$166.43
03/22/2017,$167.68,1533041,$167.32,$167.97,$167.04
03/21/2017,$166.78,2241823,$167.51,$168.80,$166.65
03/20/2017,$167.44,1586081,$167.76,$168.29,$166.80
03/17/2017,$167.81,3975860,$168.06,$168.35,$167.07
03/16/2017,$167.06,2726516,$166.78,$167.67,$166.26
03/15/2017,$166.54,2079644,$165.57,$166.54,$164.83
03/14/2017,$165.24,1973948,$164.21,$165.32,$164.10
03/13/2017,$164.55,2127873,$164.85,$165.11,$164.30
03/10/2017,$165.37,2164239,$166.49,$166.50,$164.98
03/09/2017,$165.77,1993184,$166.40,$166.79,$165.12
03/08/2017,$166.24,2375271,$167,$167.41,$166.16
03/07/2017,$167,2810046,$166.54,$168.62,$166.54
03/06/2017,$166.73,5793351,$169.41,$170.33,$166.11
03/03/2017,$170.26,10397390,$170.70,$171.89,$169.90
03/02/2017,$177.98,3138172,$177.50,$178.25,$176.51
03/01/2017,$177.86,2351592,$177.37,$178.71,$177.22
02/28/2017,$177.18,2990400,$176.95,$177.87,$175.48
02/27/2017,$177.62,2340447,$177.33,$177.85,$176.55
02/24/2017,$177.56,1684181,$175.22,$177.71,$175.12
02/23/2017,$175.85,2600281,$176.52,$177.04,$175.21
02/22/2017,$176.51,1815422,$177.07,$177.09,$175.07
02/21/2017,$176.94,2316906,$176.55,$177,$176
02/17/2017,$175.86,2424690,$175.47,$176.50,$174.48
02/16/2017,$175.75,2206527,$175.10,$175.83,$174.51
02/15/2017,$175,2346434,$173.18,$175,$173.06
02/14/2017,$173.63,2244810,$171.66,$173.64,$171.55
02/13/2017,$171.96,2272205,$172.49,$172.49,$170.78
02/10/2017,$172,2069960,$171.65,$172.27,$170.27
02/09/2017,$170.96,2605777,$168.45,$171.42,$168.17
02/08/2017,$168.42,2089869,$167.50,$168.57,$167.50
02/07/2017,$167.52,2732093,$167.53,$168.08,$166.53
02/06/2017,$167.03,2172714,$168.18,$168.18,$166.71
02/03/2017,$168.32,3223376,$167.72,$168.84,$167.15
02/02/2017,$168.15,5811238,$166.84,$168.88,$166.16
02/01/2017,$161.86,2216699,$163.84,$163.95,$161.81
01/31/2017,$163.95,1795668,$162.49,$164,$162.35
01/30/2017,$163.25,2147514,$162.03,$163.29,$160.60
01/27/2017,$162.06,2339915,$164.56,$164.58,$160.71
01/26/2017,$164.07,1180632,$164.34,$164.44,$163.40
01/25/2017,$164.14,1299255,$164.20,$164.75,$163.90
01/24/2017,$163.67,1347564,$163.23,$163.82,$162.96
01/23/2017,$163.01,1421560,$164.05,$164.35,$162.17
01/20/2017,$164.24,1888492,$164.39,$164.77,$163.23
01/19/2017,$163.70,1980524,$164.18,$164.80,$163.56
01/18/2017,$164.27,1830313,$163.65,$164.38,$162.59
01/17/2017,$163.81,2430389,$161.85,$164.25,$161.67
01/13/2017,$161.86,1250158,$161.99,$162.13,$161.35
01/12/2017,$161.87,1297452,$161.35,$161.96,$160.67
01/11/2017,$161.54,1378324,$161.47,$162.38,$160.35
01/10/2017,$161.66,1477663,$160.58,$162.41,$160.51
01/09/2017,$160.97,2318381,$162.33,$162.48,$160.72
01/06/2017,$162.83,2167235,$162.67,$162.95,$161.13
01/05/2017,$162.91,2880894,$160.95,$163.35,$160.63
01/04/2017,$159.76,2160733,$159.80,$160.49,$158.94
01/03/2017,$159.73,2099237,$160.65,$160.99,$158.51
12/30/2016,$160.11,1471198,$160.89,$160.99,$159.67
12/29/2016,$161.13,858202,$160.65,$161.44,$160.65
12/28/2016,$161.01,1263595,$162.02,$162.85,$160.55
12/27/2016,$162.05,1298932,$162.06,$162.76,$161.80
12/23/2016,$162.08,1254165,$162.17,$162.67,$161.53
12/22/2016,$162.07,1965908,$163.66,$163.67,$161.92
12/21/2016,$163.04,1309817,$163.60,$164.03,$163.02
12/20/2016,$163.86,2204593,$164.32,$164.95,$163.50
12/19/2016,$163.46,3230617,$162.01,$164.53,$161.65
12/16/2016,$160.41,3767075,$160.49,$161.25,$159.85
12/15/2016,$160.11,1811057,$159.35,$161.50,$159.07
12/14/2016,$158.99,2118585,$160.05,$160.45,$158.25
12/13/2016,$159.77,3550650,$160.85,$162.04,$159.14
12/12/2016,$160.33,2299063,$158.60,$161.28,$158.56
12/09/2016,$159.70,2615084,$157.28,$159.83,$157.26
12/08/2016,$157.59,5501762,$156.64,$160.90,$156.60
12/07/2016,$153.85,2777815,$150.60,$153.91,$150.48
12/06/2016,$151.01,2243310,$151.85,$152.08,$150.42
12/05/2016,$151.77,2432054,$152.09,$152.23,$150.78
12/02/2016,$152.09,1829242,$151.99,$152.87,$151.43
12/01/2016,$151.74,2305419,$150.11,$152.88,$150.11
11/30/2016,$150.11,2730654,$151.13,$151.54,$150.07
11/29/2016,$151.48,1496875,$151.62,$152.22,$151.33
11/28/2016,$151.25,1731124,$151.05,$152.43,$151.01
11/25/2016,$151.88,886780,$151.89,$153.42,$151.71
11/23/2016,$151.60,2166943,$152.75,$153.34,$151.18
11/22/2016,$152.67,1954435,$151.93,$153.05,$151.21
11/21/2016,$151.17,1181699,$150.55,$151.29,$150.12
11/18/2016,$150.36,2019924,$150.84,$151.20,$149.52
11/17/2016,$151.20,2098654,$151.23,$151.40,$149.55
11/16/2016,$152.14,2152223,$152.19,$152.55,$151.80
11/15/2016,$151.15,2799834,$151.98,$152,$150.29
11/14/2016,$152,3891065,$150.92,$152.14,$149.50
11/11/2016,$149.36,3218427,$146.61,$149.62,$145.38
11/10/2016,$146.70,3944204,$147.06,$150,$146.61
11/09/2016,$146.79,3170162,$143.54,$147.39,$143.54
11/08/2016,$146.09,3505482,$143.89,$146.63,$143.80
11/07/2016,$143.54,3009927,$143.38,$143.66,$142.75
11/04/2016,$142.24,2700989,$143,$145,$142.11
11/03/2016,$144.45,2167335,$146.70,$146.70,$144.14
11/02/2016,$146.27,2259810,$146.43,$147.34,$146.12
11/01/2016,$146.66,2111999,$148.48,$148.63,$146.38
10/31/2016,$147.87,3239390,$148.89,$149.35,$147.10
10/28/2016,$149.76,1843729,$150.44,$150.86,$149.38
10/27/2016,$150.86,1992660,$150.83,$151.46,$149.82
10/26/2016,$150.98,2246065,$150.35,$151.41,$150.28
10/25/2016,$150.99,2058252,$149.90,$151.97,$149.90
10/24/2016,$152.12,2425346,$149.35,$152.32,$149.29
10/21/2016,$148.97,2186017,$149.51,$150.29,$148.50
10/20/2016,$150.04,2251650,$149.85,$150.78,$149.60
10/19/2016,$149.45,1812663,$150.70,$151.32,$149.31
10/18/2016,$149.11,1847721,$149.51,$149.62,$148.41
10/17/2016,$148.70,1988009,$150.08,$150.20,$148.63
10/14/2016,$150.15,1744208,$150.18,$151,$149.28
10/13/2016,$150.22,1795240,$149.93,$151.34,$149.72
10/12/2016,$150.46,1664396,$150.97,$151.49,$150.39
10/11/2016,$151.01,2596463,$149.67,$151.14,$149.52
10/10/2016,$150.28,1576808,$150.35,$150.85,$149.75
10/07/2016,$149.99,2282133,$149.77,$150.19,$148.79
10/06/2016,$149.47,2465561,$150.23,$150.64,$149
10/05/2016,$149.98,2377662,$150.63,$150.92,$149.83
10/04/2016,$150.48,2840413,$151.47,$151.62,$149.49
10/03/2016,$151.01,3197183,$152.22,$152.25,$150.32
09/30/2016,$152.51,7230091,$151.79,$154.85,$151.60
09/29/2016,$147.49,4470583,$149.19,$149.69,$147.20
09/28/2016,$149.41,2625531,$150.60,$150.67,$148.94
09/27/2016,$150.45,2564367,$151.42,$151.77,$150
09/26/2016,$151.19,1862192,$152.08,$152.28,$151.01
09/23/2016,$152.53,2281912,$153.15,$153.77,$152.17
09/22/2016,$153.15,2501190,$153.03,$154.28,$152.68
09/21/2016,$152.70,1534524,$152.59,$152.90,$151.25
09/20/2016,$152.17,1396737,$152.43,$152.71,$151.67
09/19/2016,$151.79,1321279,$152.13,$153.03,$151.60
09/16/2016,$152.35,2841662,$151.96,$152.66,$151.14
09/15/2016,$152.67,2304741,$150.72,$152.97,$150.11
09/14/2016,$150.69,2217820,$150.71,$152.25,$150.20
09/13/2016,$150.74,2148436,$151.18,$151.58,$150.07
09/12/2016,$151.69,2982237,$150.50,$151.99,$150.26
09/09/2016,$150.70,2992010,$152.59,$152.79,$150.70
09/08/2016,$153.47,2992834,$155.19,$155.49,$152.94
09/07/2016,$155.64,2982909,$157.64,$157.87,$155.40
09/06/2016,$158.06,2715738,$158.13,$158.15,$156.02
09/02/2016,$157.98,2678993,$156.81,$159.28,$156.80
09/01/2016,$156.21,6036360,$159,$159,$155.54
08/31/2016,$162.09,1933921,$161.87,$162.57,$161.15
08/30/2016,$161.96,2010658,$164.07,$164.28,$161.74
08/29/2016,$163.98,1819224,$164.47,$164.84,$163.40
08/26/2016,$163.93,2009899,$165.39,$165.65,$163.47
08/25/2016,$164.86,1816762,$167.20,$167.41,$164.64
08/24/2016,$167.57,1363847,$167.14,$167.88,$166.76
08/23/2016,$167.36,1004099,$168.09,$168.45,$167.31
08/22/2016,$167.94,954977,$168.34,$168.69,$167.62
08/19/2016,$168.02,1764785,$167.21,$168.33,$167.10
08/18/2016,$167.75,1353380,$168.42,$168.71,$167.20
08/17/2016,$167.96,1382530,$167.45,$168.36,$166.92
08/16/2016,$168.41,1022989,$167.88,$168.80,$167.88
08/15/2016,$168.73,918331,$169.04,$169.27,$168.59
08/12/2016,$169.04,1399051,$167.16,$169.41,$167.16
08/11/2016,$167.88,1498050,$169.11,$169.59,$167.33
08/10/2016,$168.29,1101946,$167.44,$168.50,$167.05
08/09/2016,$167.86,1286679,$167.74,$168.60,$166.88
08/08/2016,$167.40,1294422,$167.25,$167.55,$166.47
08/05/2016,$167.70,1526568,$166.86,$168.33,$166.08
08/04/2016,$166.55,1637685,$166.04,$167.74,$165.89
08/03/2016,$166.12,1837709,$165.92,$166.33,$165.10
08/02/2016,$166.50,2107341,$167.07,$167.54,$164.59
08/01/2016,$167.56,986367,$167.15,$168,$166.90
07/29/2016,$167.22,1359352,$166.64,$167.68,$166.38
07/28/2016,$166.35,1866449,$166.26,$166.86,$165.80
07/27/2016,$166.15,1439994,$167.16,$167.50,$165.75
07/26/2016,$167.57,1593769,$167.60,$168.82,$166.70
07/25/2016,$167.97,1732224,$167.17,$168.20,$166.40
07/22/2016,$167.47,1334952,$167.68,$167.70,$166.96
07/21/2016,$167.05,1384551,$167.43,$167.75,$166.30
07/20/2016,$168.04,1336875,$168.25,$168.26,$166.95
07/19/2016,$168.12,1487476,$167.50,$168.56,$167.39
07/18/2016,$167.51,1993681,$166.56,$167.86,$165.92
07/15/2016,$166.41,1962408,$167.44,$167.44,$165.60
07/14/2016,$166.94,2149897,$167.15,$168,$166.28
07/13/2016,$166.78,1478570,$167,$167.19,$166.02
07/12/2016,$166.28,1644604,$166.49,$166.92,$165.82
07/11/2016,$166.72,2634019,$165.06,$167.49,$165.06
07/08/2016,$165.44,3931814,$164.84,$166.10,$164.49
07/07/2016,$163.70,6497677,$158.33,$164.16,$158
07/06/2016,$156.01,2133574,$155.20,$156.55,$154.67
07/05/2016,$155.25,2807400,$156.08,$156.15,$154.70
07/01/2016,$156.11,2317234,$157.19,$157.19,$155.40
06/30/2016,$157.04,3091121,$156.96,$157.82,$155.50
06/29/2016,$157.08,1942711,$156.44,$157.28,$155.89
06/28/2016,$155.60,2156085,$154.66,$155.93,$153.71
06/27/2016,$154.26,2793800,$154.24,$154.93,$152.55
06/24/2016,$155.56,3995643,$153.16,$157.69,$153.10
06/23/2016,$157.03,2911750,$158.60,$158.79,$156.34
06/22/2016,$158.12,2094477,$157.61,$158.42,$157.16
06/21/2016,$157.20,1828549,$157.07,$157.90,$156.66
06/20/2016,$156.48,2090831,$157.38,$158.38,$156.45
06/17/2016,$155.89,2856889,$157.03,$157.25,$155.76
06/16/2016,$156.42,1937573,$154.86,$156.50,$154.11
06/15/2016,$154.86,2226343,$155.70,$156.78,$154.66
06/14/2016,$155.87,3273277,$154.55,$156.36,$153.57
06/13/2016,$154.95,2576580,$154.76,$155.96,$154.57
06/10/2016,$154.87,3264014,$153,$155.15,$152.94
06/09/2016,$154.05,1812077,$153,$154.14,$152.92
06/08/2016,$153.37,1528103,$152.68,$153.47,$152.05
06/07/2016,$152.62,2112901,$152.08,$153.85,$151.90
06/06/2016,$152.24,1962091,$151.83,$152.49,$151.71
06/03/2016,$151.71,1964147,$150.30,$151.78,$150.27
06/02/2016,$151.51,3957334,$150.05,$151.51,$148.55
06/01/2016,$152.52,3487229,$150.50,$153,$150.32
05/31/2016,$148.77,3738447,$149.57,$149.88,$147.63
05/27/2016,$149.08,3349272,$150.24,$150.77,$148.11
05/26/2016,$149.71,7678192,$149.01,$153.88,$147.70
05/25/2016,$144.54,4163266,$142.62,$145.68,$142.51
05/24/2016,$142.57,2811190,$142.57,$143.48,$142.38
05/23/2016,$142.01,1828219,$142.84,$144,$141.91
05/20/2016,$142.69,2088385,$142.73,$143.50,$142.02
05/19/2016,$142.70,2829486,$142.45,$143.08,$141.42
05/18/2016,$141.29,5716092,$140.18,$141.66,$138.57
05/17/2016,$143.60,2928825,$145.50,$146.24,$143.22
05/16/2016,$145.79,2614843,$144.50,$146.58,$143.40
05/13/2016,$144.50,2980511,$146.33,$146.72,$144.30
05/12/2016,$146.72,2860459,$147.32,$147.77,$146.32
05/11/2016,$147.12,2812658,$148.39,$148.69,$146.58
05/10/2016,$149.56,1943778,$149.38,$149.98,$148.75
05/09/2016,$148.59,2843827,$146.83,$148.97,$146.51
05/06/2016,$146.44,3691466,$147.06,$147.50,$144.74
05/05/2016,$147.84,4868684,$148.98,$150.38,$146.37
05/04/2016,$151.51,2111568,$150.12,$152,$149.44
05/03/2016,$151.41,2200684,$150.08,$152.53,$149.60
05/02/2016,$150.93,3361154,$148.76,$151.42,$147.75
04/29/2016,$148.13,3588022,$150.01,$150.98,$147.46
04/28/2016,$151.44,2198141,$152.01,$153.65,$151.14
04/27/2016,$151.77,1492710,$152.24,$152.51,$150.60
04/26/2016,$152.60,1552176,$152.08,$153.45,$151.67
04/25/2016,$151.51,1248190,$149.98,$151.68,$149.47
04/22/2016,$149.92,2233683,$151.05,$151.81,$149.36
04/21/2016,$151.42,2096550,$152.49,$152.74,$150.69
04/20/2016,$152.74,1308762,$153.72,$153.89,$152.60
04/19/2016,$153.68,1578641,$153.78,$153.90,$152.49
04/18/2016,$153.30,1335669,$152.78,$153.71,$152.27
04/15/2016,$153.17,2675923,$151.96,$153.81,$151.84
04/14/2016,$151.40,2419599,$152.59,$152.91,$151.14
04/13/2016,$151.88,2079039,$151.57,$152.08,$150.59
04/12/2016,$150.52,2268327,$149.60,$150.68,$148.51
04/11/2016,$149.05,2275764,$151.34,$151.94,$148.97
04/08/2016,$151.65,2008360,$152.98,$152.98,$150.92
04/07/2016,$152.03,4046603,$154.42,$154.58,$151.48
04/06/2016,$156.77,1572450,$155.81,$157.41,$155.22
04/05/2016,$155.99,1855588,$157.89,$158,$155.72
04/04/2016,$157.73,1458437,$158.68,$158.99,$156.46
04/01/2016,$158.25,1531544,$157.87,$159.09,$157
03/31/2016,$157.58,2692398,$157.96,$159.80,$157.52
03/30/2016,$157.60,2640255,$155.91,$158.24,$155.65
03/29/2016,$155.26,1655948,$152.77,$155.46,$152.52
03/28/2016,$152.67,1767414,$151.80,$153.94,$151.78
03/24/2016,$151.43,2503249,$153.24,$154.08,$150.85
03/23/2016,$153.51,2127227,$152.18,$153.93,$151.64
03/22/2016,$152.23,1943086,$153.21,$153.81,$152
03/21/2016,$153.94,1367369,$152.82,$154.35,$152.47
03/18/2016,$153.15,3617122,$154.58,$154.70,$152.77
03/17/2016,$153.84,1583525,$153.82,$154.74,$153.59
03/16/2016,$154.06,1485464,$153.70,$155,$152.63
03/15/2016,$154.18,1399036,$151.80,$154.42,$151.80
03/14/2016,$152.67,1218403,$152.26,$153.30,$151.65
03/11/2016,$152.71,1829836,$153.85,$154.00,$151.40
03/10/2016,$152.87,1413064,$153.21,$154.69,$151.05
03/09/2016,$153.05,2393193,$151.35,$153.50,$151.31
03/08/2016,$150.95,3155857,$147.66,$151.92,$147.10
03/07/2016,$148.17,3160429,$149.96,$150.89,$147.60
03/04/2016,$150.90,2155470,$151.74,$151.77,$150.03
03/03/2016,$151.60,5552136,$148.56,$151.96,$147.38
03/02/2016,$152.79,2935888,$151.13,$152.95,$150.39
03/01/2016,$150.52,2680725,$150.40,$151.20,$149.38
02/29/2016,$150.03,3123227,$149.99,$152.30,$149.69
02/26/2016,$149.68,3799309,$153.09,$153.41,$148.76
02/25/2016,$154.72,1746833,$154.69,$154.88,$152.86
02/24/2016,$153.87,2589972,$150.03,$154.41,$149.66
02/23/2016,$150.36,1849845,$149.89,$151.76,$149.12
02/22/2016,$150.06,2160923,$149.63,$150.18,$148.49
02/19/2016,$148.70,2471681,$149,$149.14,$146.85
02/18/2016,$148.65,2894200,$149.13,$149.84,$146.82
02/17/2016,$150.91,2174593,$149.75,$151.98,$148.91
02/16/2016,$149.11,2185731,$149.35,$150.64,$147.70
02/12/2016,$148.65,1951162,$147.98,$149.27,$147
02/11/2016,$146.65,2197554,$147.13,$148.39,$144.76
02/10/2016,$148.05,2187416,$149.37,$150.17,$147.58
02/09/2016,$147.94,3201693,$146.24,$149.72,$146.23
02/08/2016,$147.02,3781530,$142.74,$147.55,$141.62
02/05/2016,$143.99,4078956,$143.27,$145.20,$142.40
02/04/2016,$143.28,5339947,$145,$145.14,$141.79
02/03/2016,$146.70,2547026,$149.28,$149.98,$145.45
02/02/2016,$148.50,1931427,$149.99,$150.79,$148.11
02/01/2016,$151.25,2142038,$150.84,$152.19,$150.19
01/29/2016,$151.12,3219971,$149.50,$151.62,$146.91
01/28/2016,$149.59,2076251,$148.55,$149.97,$147.81
01/27/2016,$147.73,2188666,$149.29,$149.59,$146.72
01/26/2016,$148.50,2824664,$150.78,$151.72,$148.30
01/25/2016,$150.78,1820542,$154.07,$154.48,$150.55
01/22/2016,$153.69,2543513,$152.18,$153.71,$151.65
01/21/2016,$150.38,2211807,$148.97,$151.24,$148.11
01/20/2016,$148.82,3794626,$148.46,$150,$144.91
01/19/2016,$150.47,2183367,$151.79,$152,$149.58
01/15/2016,$150.39,2974449,$149.29,$151.52,$148.25
01/14/2016,$153.18,2280122,$151.96,$154.16,$151.33
01/13/2016,$152.12,2155604,$155.97,$156.02,$151.88
01/12/2016,$156.06,2215281,$155.71,$156.43,$154.94
01/11/2016,$154.72,2164669,$152.30,$155.96,$152.12
01/08/2016,$152.11,3153922,$155.28,$155.30,$151.81
01/07/2016,$154.82,3822522,$154.85,$157.06,$153.55
01/06/2016,$158.45,2033222,$158.36,$159.80,$157.63
01/05/2016,$159.93,2127605,$160.17,$161.23,$159.45
01/04/2016,$159.54,2640496,$159.81,$160.10,$157.87
12/31/2015,$161.50,1873395,$162.08,$164,$161.50
12/30/2015,$162.71,888004,$162.96,$163.45,$162.51
12/29/2015,$162.66,1169400,$161.90,$163.23,$161.52
12/28/2015,$161.16,1124719,$161.05,$162.26,$160.40
12/24/2015,$161.75,491044,$161.85,$162.33,$161.44
12/23/2015,$161.71,1580484,$162.43,$162.43,$160.78
12/22/2015,$161.23,1742060,$159.90,$161.39,$159.03
12/21/2015,$159.39,1453411,$158.81,$159.43,$157.33
12/18/2015,$157.70,4284122,$159.79,$160.68,$157.60
12/17/2015,$160.68,1703907,$162.44,$163.58,$160.60
12/16/2015,$162.76,2195751,$161.95,$163.25,$160
12/15/2015,$161.29,2372732,$163.32,$163.74,$160.72
12/14/2015,$161.84,2432883,$160.09,$161.88,$159.41
12/11/2015,$160.02,2508805,$159.73,$161.20,$159.36
12/10/2015,$161.86,3652979,$160.93,$163.41,$160.61
12/09/2015,$159.72,9525221,$162.72,$163.89,$158.22
12/08/2015,$168.87,3152737,$166.74,$169.73,$165.87
12/07/2015,$167.12,2790291,$167.33,$167.50,$165.55
12/04/2015,$166.80,2578333,$164.12,$167.24,$164.01
12/03/2015,$163.67,3438520,$164.51,$166.10,$163.31
12/02/2015,$161.09,1585666,$161.71,$162.44,$160.63
12/01/2015,$161.29,1939522,$162.02,$163.04,$160.74
11/30/2015,$161.42,2823589,$164.17,$164.44,$160.79
11/27/2015,$163.58,866279,$163.11,$164.41,$162.49
11/25/2015,$162.39,1828003,$162.04,$163.00,$161.14
11/24/2015,$162.19,2797968,$162.26,$163.92,$161
11/23/2015,$163.45,1174196,$163.53,$163.90,$162.73
11/20/2015,$163.10,2051142,$164.16,$164.47,$162.75
11/19/2015,$162.83,2959265,$161.69,$163.20,$161.44
11/18/2015,$161.25,2151871,$158.89,$161.40,$157.83
11/17/2015,$158.89,2499561,$157.35,$159.92,$157.02
11/16/2015,$156.45,1778398,$153.81,$156.47,$153.24
11/13/2015,$153.67,2459911,$155.07,$155.25,$153.23
11/12/2015,$156,1656640,$156.12,$156.98,$155.40
11/11/2015,$156.39,1865628,$155.98,$157.43,$155.18
11/10/2015,$156.41,1701404,$155.13,$156.46,$154.60
11/09/2015,$155.16,2290828,$156.81,$157.10,$153.89
11/06/2015,$157.55,1749584,$156.49,$157.96,$155.67
11/05/2015,$156.27,2543943,$154.15,$156.81,$154.02
11/04/2015,$157.15,1652357,$159,$159.03,$156.90
11/03/2015,$158.80,1531102,$158.40,$159.22,$157.38
11/02/2015,$159.15,1260548,$158.99,$159.31,$157.65
10/30/2015,$158.12,2049786,$158,$159.40,$157.30
10/29/2015,$158.28,1498638,$157.06,$158.38,$156.53
10/28/2015,$157.76,1778415,$157.50,$157.93,$155.51
10/27/2015,$157.76,1675064,$157.27,$158.30,$155.56
10/26/2015,$156.73,2499773,$152.06,$157.41,$151.26
10/23/2015,$155.74,2273369,$158.70,$158.80,$154.91
10/22/2015,$158.15,2192010,$155.43,$158.34,$155.08
10/21/2015,$155.21,1812334,$154.80,$155.94,$154.31
10/20/2015,$154.56,1875433,$153.72,$154.88,$153.16
10/19/2015,$153.22,1543687,$152.05,$153.39,$151.92
10/16/2015,$152.06,1647541,$152.32,$152.97,$151.28
10/15/2015,$151.77,1696893,$150.83,$151.90,$150.22
10/14/2015,$149.84,3044221,$152.31,$152.77,$149.10
10/13/2015,$152.28,1492672,$153.23,$154.07,$152.22
10/12/2015,$153.63,1199932,$153.97,$154.48,$153.09
10/09/2015,$153.97,3714182,$150.76,$154.26,$150.44
10/08/2015,$151.66,2370750,$147.61,$151.70,$147.61
10/07/2015,$147.96,2340835,$148.72,$149.32,$147.43
10/06/2015,$148.41,2127576,$148.15,$148.70,$147.36
10/05/2015,$148.07,2272920,$146.24,$148.22,$146.01
10/02/2015,$145.86,2591476,$143.25,$145.91,$142.19
10/01/2015,$144.56,2646439,$144.85,$144.85,$142.50
09/30/2015,$144.57,2549210,$143.54,$144.95,$142.89
09/29/2015,$143.72,2507747,$143.04,$144.14,$142.25
09/28/2015,$143.55,2543208,$145.39,$145.80,$143.29
09/25/2015,$145.55,1845059,$145.95,$146.90,$145.01
09/24/2015,$144.87,1973930,$144.37,$145.42,$143.65
09/23/2015,$145.43,2309872,$143.46,$145.63,$142.65
09/22/2015,$142.65,1787199,$141.82,$142.95,$140.81
09/21/2015,$143.21,1003742,$142.36,$143.78,$142.09
09/18/2015,$141.81,2833678,$142.14,$144.34,$141.70
09/17/2015,$143.35,1514498,$143.90,$145.04,$143.16
09/16/2015,$143.61,1374498,$142.21,$143.86,$141.75
09/15/2015,$142.43,1349715,$141.32,$142.96,$140.24
09/14/2015,$141.15,1123359,$141.18,$141.41,$140.24
09/11/2015,$141.05,1452838,$139.85,$141.20,$139.28
09/10/2015,$140.01,1346132,$139.04,$140.96,$138.99
09/09/2015,$139.68,1390773,$142.35,$142.35,$139.39
09/08/2015,$141.43,1637827,$140.54,$141.48,$139.12
09/04/2015,$138.48,2124439,$138.80,$139.46,$138.18
09/03/2015,$140.48,1615413,$140.94,$141.70,$140.10
09/02/2015,$140.42,1810289,$139.83,$140.87,$138.42
09/01/2015,$138.30,2966367,$137.58,$139.90,$137.50
08/31/2015,$140.05,3005797,$139.25,$140.23,$138.51
08/28/2015,$139.95,1850837,$139.75,$140.30,$138.64
08/27/2015,$140.21,2603035,$140.47,$140.75,$137.59
08/26/2015,$138.16,3092923,$136.11,$138.28,$133.35
08/25/2015,$132.71,4643397,$136.78,$138.38,$132.65
08/24/2015,$132.97,5196602,$131.97,$137.16,$117.03
08/21/2015,$138.99,3610910,$142.22,$143.33,$138.99
08/20/2015,$143.71,1784288,$144.29,$144.88,$143.29
08/19/2015,$145.17,1436522,$145.39,$145.94,$143.64
08/18/2015,$145.63,1099071,$146.16,$146.48,$145.12
08/17/2015,$146.09,912567,$145.15,$146.24,$144.98
08/14/2015,$146.09,1210404,$144.88,$146.42,$144.88
08/13/2015,$145.27,1114183,$146.36,$146.98,$145.18
08/12/2015,$146.49,1963776,$144.95,$146.72,$143.35
08/11/2015,$145.89,1260671,$145.28,$146.29,$145.01
08/10/2015,$146.25,1072584,$146.30,$146.79,$145.68
08/07/2015,$145.26,1229408,$146.02,$146.44,$144.35
08/06/2015,$146.44,1947957,$147.15,$147.59,$145.98
08/05/2015,$146.89,1687851,$145.83,$147.04,$145.65
08/04/2015,$144.84,1314879,$145.11,$145.82,$144.19
08/03/2015,$145.52,1325410,$145.78,$146.11,$144.65
07/31/2015,$145.30,1386717,$146.19,$146.19,$145.01
07/30/2015,$145.30,1392698,$145.15,$145.86,$144.02
07/29/2015,$145.38,1840542,$144.80,$146.76,$144.75
07/28/2015,$144.55,1376487,$144.53,$144.70,$142.91
07/27/2015,$144.25,1431268,$144.78,$144.89,$143.53
07/24/2015,$144.99,1271678,$145.71,$145.93,$144.89
07/23/2015,$145.60,1356889,$146.85,$147,$145.38
07/22/2015,$146.38,1612019,$145.22,$146.48,$145.02
07/21/2015,$144.94,1576786,$145.19,$145.40,$144.43
07/20/2015,$145.04,1243630,$144.58,$145.23,$144.02
07/17/2015,$144.68,1842028,$144.12,$144.89,$143.16
07/16/2015,$144.33,1147962,$144.15,$144.49,$143.44
07/15/2015,$143.63,1306419,$143.93,$144.18,$142.92
07/14/2015,$143.93,1512809,$143.65,$144.29,$143.16
07/13/2015,$144.06,1847284,$143.86,$145.07,$143.50
07/10/2015,$142.72,2846396,$141.71,$143.43,$141.17
07/09/2015,$139.45,3318647,$141.35,$141.50,$137.71
07/08/2015,$139.90,2917195,$139.98,$140.53,$139.27
07/07/2015,$140.50,3788572,$136.30,$140.87,$136.03
07/06/2015,$135.88,2450379,$135.15,$136.84,$135.06
07/02/2015,$136.39,1149089,$137,$137.20,$136.28
07/01/2015,$136.49,1707124,$135.79,$136.57,$135.54
06/30/2015,$135.06,2453847,$136.38,$136.71,$134.73
06/29/2015,$135.69,1961640,$137.01,$137.82,$135.66
06/26/2015,$138.06,2248678,$137.94,$138.64,$137.53
06/25/2015,$137.45,1660584,$138.45,$139.91,$137.42
06/24/2015,$138.34,1965857,$139.34,$139.86,$138.28
06/23/2015,$139.65,1489350,$140.44,$140.90,$139.53
06/22/2015,$140.19,1415497,$140.84,$141.17,$140.08
06/19/2015,$140.30,2757750,$140.59,$141.48,$140.18
06/18/2015,$140.50,2074140,$139.49,$141.10,$139.22
06/17/2015,$138.88,1508026,$137.94,$139.32,$137.88
06/16/2015,$137.98,1554190,$137.20,$138.24,$137.15
06/15/2015,$137.23,1940535,$137.94,$138.32,$137.15
06/12/2015,$138.78,1289498,$139.06,$139.30,$138.51
06/11/2015,$139.32,1342315,$139.64,$140.47,$139.19
06/10/2015,$139.43,1725592,$138.32,$139.94,$138.26
06/09/2015,$138.04,2037923,$137.92,$138.76,$137.81
06/08/2015,$138.05,1879339,$138.91,$138.91,$138.02
06/05/2015,$138.78,3202715,$140.74,$140.81,$138.74
06/04/2015,$140.65,2883691,$141.37,$142.50,$140.33
06/03/2015,$142.13,1858246,$141.67,$142.51,$141.18
06/02/2015,$141.40,1963429,$141.97,$142.67,$140.89
06/01/2015,$142.39,2183313,$143.05,$143.25,$141.90
05/29/2015,$142.59,3026522,$143.78,$143.95,$141.77
05/28/2015,$144.26,3205852,$144.32,$145.97,$143.16
05/27/2015,$145.42,2932013,$143.63,$145.64,$143.11
05/26/2015,$143.25,2472652,$144.08,$144.41,$143.08
05/22/2015,$143.68,1182891,$143.90,$144.76,$143.40
05/21/2015,$143.94,1539405,$143.37,$144.59,$142.85
05/20/2015,$143.49,1640603,$145.06,$145.06,$143.26
05/19/2015,$144.74,1332707,$144.81,$145.50,$144.31
05/18/2015,$145.06,1451694,$144.74,$145.29,$144.05
05/15/2015,$144.83,2356819,$143.22,$144.96,$142.74
05/14/2015,$142.60,3023417,$144.13,$144.13,$141.53
05/13/2015,$143.24,2135900,$143.88,$145.29,$142.72
05/12/2015,$144.07,1923861,$144,$145,$143.42
05/11/2015,$144.27,1906682,$145.54,$146.33,$144.20
05/08/2015,$145.88,1728677,$146,$147.56,$145.80
05/07/2015,$144.56,2565148,$144.52,$145.61,$144.01
05/06/2015,$144.77,1737319,$145.35,$145.84,$144.01
05/05/2015,$144.50,1769372,$145.12,$145.74,$144.29
05/04/2015,$145.75,1287090,$145.39,$146.21,$144.61
05/01/2015,$145.39,1504749,$143.46,$145.74,$143.22
04/30/2015,$143.05,2513885,$143.85,$144.90,$142.54
04/29/2015,$144.46,1718853,$145.88,$146.25,$143.87
04/28/2015,$146.61,1300152,$146.89,$147.19,$146.05
04/27/2015,$146.96,1716896,$148.30,$148.51,$146.86
04/24/2015,$148.12,1419988,$147.33,$148.40,$146.87
04/23/2015,$147.30,1351861,$146.60,$147.95,$146.27
04/22/2015,$146.98,1423460,$147.93,$147.93,$146.28
04/21/2015,$147.34,1616698,$146.98,$148.08,$146.60
04/20/2015,$146.31,2881995,$146.65,$147.25,$145.75
04/17/2015,$144.57,4364881,$146.58,$146.73,$143.10
04/16/2015,$147.11,2675496,$148.76,$148.90,$146.91
04/15/2015,$149.07,1405557,$149.58,$150.67,$149.05
04/14/2015,$149.52,1540789,$149,$150.10,$147.72
04/13/2015,$149.02,1120171,$149.44,$150.34,$148.93
04/10/2015,$149.64,1572885,$149.40,$150.03,$148.62
04/09/2015,$148.81,3399377,$150.57,$151,$148.27
04/08/2015,$152,1482950,$152.23,$152.67,$151.19
04/07/2015,$151.78,1392214,$152.53,$152.95,$151.72
04/06/2015,$152.50,1767562,$151.37,$152.84,$150.60
04/02/2015,$151.63,1096088,$150.47,$152,$150.36
04/01/2015,$150.24,1793739,$151.83,$151.87,$149.70
03/31/2015,$151.50,1886013,$151.84,$153,$151.25
03/30/2015,$152.37,1463732,$150.91,$152.59,$150.80
03/27/2015,$150.47,1329888,$150.21,$151.22,$150.02
03/26/2015,$150.06,1554689,$149.32,$150.77,$149.17
03/25/2015,$151.09,2265767,$153.55,$153.96,$151.09
03/24/2015,$153.14,1634371,$152.95,$154.23,$152.89
03/23/2015,$152.93,1666239,$153.15,$153.56,$152.70
03/20/2015,$152.59,5856475,$152.13,$153.15,$151.75
03/19/2015,$151.31,1860609,$151,$151.50,$150.32
03/18/2015,$150.93,2773361,$150,$151.63,$148.25
03/17/2015,$150.03,1971375,$149.39,$150.20,$148.43
03/16/2015,$149.99,2532676,$149.72,$151,$149.28
03/13/2015,$149.28,1469981,$149.09,$149.91,$148.15
03/12/2015,$149.44,1563991,$148.38,$149.64,$147.40
03/11/2015,$147.40,1734064,$148.33,$148.99,$147.34
03/10/2015,$148.16,2126950,$149.75,$150.15,$148.15
03/09/2015,$150.68,1727742,$149.79,$150.99,$149.55
03/06/2015,$149.55,3014345,$149.29,$150.15,$148.17
03/05/2015,$151.17,4469790,$150.77,$151.75,$149
03/04/2015,$147.17,2206861,$147.84,$147.98,$145.78
03/03/2015,$147.37,1513306,$147.94,$148.14,$146.66
03/02/2015,$147.94,2108244,$147.32,$148.49,$147.32
02/27/2015,$146.96,3035044,$147.56,$147.56,$145.83
02/26/2015,$146.65,1891671,$147.07,$147.61,$146.20
02/25/2015,$147.48,1602745,$147.70,$148.60,$147.19
02/24/2015,$148.21,1843184,$149.38,$149.40,$148
02/23/2015,$148.39,1586494,$148,$148.46,$147.03
02/20/2015,$147.54,1595668,$146.67,$147.79,$145.90
02/19/2015,$146.67,1273712,$146.90,$147.51,$146.46
02/18/2015,$147.23,1539946,$147.16,$147.48,$146.53
02/17/2015,$147.53,1541551,$147,$147.61,$145.66
02/13/2015,$147.10,1926711,$148.23,$148.80,$146.94
02/12/2015,$147.76,1712082,$148.01,$148.39,$146.86
02/11/2015,$147.46,2294846,$148.39,$148.48,$146.55
02/10/2015,$148.22,1702251,$147.99,$148.48,$147
02/09/2015,$147.54,2739058,$148.70,$149.16,$146.82
02/06/2015,$148.70,2924061,$149.21,$149.95,$148.16
02/05/2015,$149.09,6984262,$149.50,$151.10,$147.52
02/04/2015,$155.92,11003140,$152.08,$156.85,$152.07
02/03/2015,$153.75,10300830,$146.36,$153.89,$144.77
02/02/2015,$146,4796287,$144,$146.23,$140.13
01/30/2015,$142.99,5167605,$143.09,$143.80,$141.34
01/29/2015,$140.64,1872711,$140.16,$140.69,$138.91
01/28/2015,$139.62,2016917,$141.60,$142.45,$139.56
01/27/2015,$140.99,1786517,$142.75,$142.80,$140.87
01/26/2015,$142.91,1483208,$141.66,$143.05,$141.57
01/23/2015,$142.05,1700402,$141.59,$142.31,$140.87
01/22/2015,$141.27,1897527,$139.50,$141.28,$138.39
01/21/2015,$139.14,1682465,$138.85,$139.70,$138.38
01/20/2015,$139.38,1836585,$140.72,$141.27,$138.36
01/16/2015,$139.72,1783556,$139.04,$139.96,$138.22
01/15/2015,$139.31,1819575,$139.95,$140.17,$138.62
01/14/2015,$139.31,2208152,$140.01,$140.21,$138.24
01/13/2015,$141.09,2200750,$142.20,$144.41,$140.39
01/12/2015,$142.52,1344603,$143.58,$144.16,$142.12
01/09/2015,$143.32,1727006,$144.48,$145.05,$143.22
01/08/2015,$145.56,2937071,$145.56,$146.10,$144.94
01/07/2015,$144.32,2170867,$142.60,$144.43,$142.36
01/06/2015,$141.85,3187850,$140.61,$142.94,$139.85
01/05/2015,$140,1751448,$141.69,$142.16,$139.80
